family,seed,policy,related_tasks,off_solved,on_solved,verify_minus_off_success_fraction,off_mean_cost_usd,on_mean_cost_usd,verify_minus_off_mean_cost_usd
apportionment,31,adaptive,3,3,3,0.0,0.00013066666666666668,0.00013099999999999999,3.333333333333053e-07
apportionment,31,cheap_only,3,1,1,0.0,9.366666666666666e-05,0.0002,0.00010633333333333335
apportionment,31,escalate_on_failure,3,0,0,0.0,9.266666666666666e-05,0.000146,5.333333333333333e-05
apportionment,31,static_router,3,1,0,-0.3333333333333333,9.433333333333334e-05,9.433333333333334e-05,0.0
apportionment,31,strong_only,3,3,3,0.0,0.0005393333333333334,0.0005386666666666667,-6.66666666666719e-07
apportionment,31,supervised_cost,3,3,3,0.0,0.0005413333333333333,0.00013466666666666667,-0.00040666666666666667
apportionment,47,adaptive,3,3,3,0.0,0.0005266666666666666,0.000129,-0.0003976666666666666
apportionment,47,cheap_only,3,1,2,0.3333333333333333,9.633333333333333e-05,0.00028933333333333334,0.000193
apportionment,47,escalate_on_failure,3,1,1,0.0,9.5e-05,0.000147,5.199999999999999e-05
apportionment,47,static_router,3,1,1,0.0,9.400000000000001e-05,0.00014533333333333333,5.1333333333333325e-05
apportionment,47,strong_only,3,3,3,0.0,0.0005543333333333333,0.00012766666666666666,-0.00042666666666666667
apportionment,47,supervised_cost,3,3,3,0.0,0.000127,0.00012433333333333334,-2.666666666666659e-06
apportionment,73,adaptive,3,3,3,0.0,0.00012933333333333332,0.00012466666666666667,-4.666666666666654e-06
apportionment,73,cheap_only,3,1,1,0.0,0.00010066666666666667,0.00024733333333333335,0.0001466666666666667
apportionment,73,escalate_on_failure,3,0,0,0.0,9.466666666666667e-05,0.00018666666666666666,9.199999999999999e-05
apportionment,73,static_router,3,1,1,0.0,9.499999999999999e-05,0.00013900000000000002,4.4000000000000026e-05
apportionment,73,strong_only,3,3,3,0.0,0.000126,0.00012066666666666667,-5.333333333333332e-06
apportionment,73,supervised_cost,3,3,3,0.0,0.00013233333333333334,0.00013233333333333332,-2.710505431213761e-20
apportionment,101,adaptive,3,3,3,0.0,0.00014433333333333334,0.00013166666666666668,-1.2666666666666658e-05
apportionment,101,cheap_only,3,0,1,0.3333333333333333,9.533333333333334e-05,0.00037433333333333334,0.000279
apportionment,101,escalate_on_failure,3,0,0,0.0,9.5e-05,0.000136,4.0999999999999994e-05
apportionment,101,static_router,3,0,0,0.0,9.5e-05,0.00023833333333333332,0.0001433333333333333
apportionment,101,strong_only,3,3,3,0.0,0.00012633333333333333,0.0005383333333333334,0.00041200000000000004
apportionment,101,supervised_cost,3,3,3,0.0,0.000127,0.00012233333333333334,-4.666666666666654e-06
edit_distance,31,adaptive,3,3,3,0.0,0.00011733333333333333,0.000558,0.0004406666666666667
edit_distance,31,cheap_only,3,3,3,0.0,0.00016533333333333333,0.00014533333333333333,-1.9999999999999998e-05
edit_distance,31,escalate_on_failure,3,3,3,0.0,0.00015933333333333332,0.000392,0.00023266666666666667
edit_distance,31,static_router,3,3,3,0.0,0.00024766666666666665,0.000209,-3.866666666666664e-05
edit_distance,31,strong_only,3,3,3,0.0,0.000125,0.00013466666666666667,9.666666666666667e-06
edit_distance,31,supervised_cost,3,3,3,0.0,0.0005459999999999999,0.0014043333333333334,0.0008583333333333335
edit_distance,47,adaptive,3,3,3,0.0,0.00015266666666666667,0.000166,1.3333333333333323e-05
edit_distance,47,cheap_only,3,3,3,0.0,0.000194,0.0002483333333333333,5.433333333333332e-05
edit_distance,47,escalate_on_failure,3,3,3,0.0,0.00023633333333333332,0.00018633333333333333,-4.9999999999999996e-05
edit_distance,47,static_router,3,3,3,0.0,0.000144,0.000367,0.00022299999999999997
edit_distance,47,strong_only,3,3,3,0.0,0.00016266666666666667,0.00011466666666666667,-4.8e-05
edit_distance,47,supervised_cost,3,3,3,0.0,0.00011166666666666667,0.000115,3.3333333333333376e-06
edit_distance,73,adaptive,3,3,3,0.0,0.000134,0.00013133333333333335,-2.666666666666659e-06
edit_distance,73,cheap_only,3,3,3,0.0,0.0005573333333333334,0.0005470000000000001,-1.0333333333333332e-05
edit_distance,73,escalate_on_failure,3,3,3,0.0,0.00035966666666666666,0.00039,3.033333333333333e-05
edit_distance,73,static_router,3,3,3,0.0,0.00027433333333333335,0.000162,-0.00011233333333333334
edit_distance,73,strong_only,3,3,3,0.0,0.000157,0.000142,-1.4999999999999985e-05
edit_distance,73,supervised_cost,3,3,3,0.0,0.000142,0.000164,2.1999999999999993e-05
edit_distance,101,adaptive,3,3,3,0.0,0.0005523333333333334,0.00014166666666666668,-0.0004106666666666667
edit_distance,101,cheap_only,3,3,3,0.0,0.00011866666666666667,0.00018033333333333334,6.166666666666667e-05
edit_distance,101,escalate_on_failure,3,3,3,0.0,0.00017666666666666666,0.00031066666666666666,0.000134
edit_distance,101,static_router,3,3,3,0.0,0.00018166666666666667,0.00013233333333333332,-4.933333333333336e-05
edit_distance,101,strong_only,3,3,3,0.0,0.00012066666666666667,0.000149,2.8333333333333322e-05
edit_distance,101,supervised_cost,3,3,3,0.0,0.00010866666666666667,0.000128,1.933333333333332e-05
expression_engine,31,adaptive,3,3,3,0.0,0.00096,0.0005313333333333333,-0.0004286666666666667
expression_engine,31,cheap_only,3,3,3,0.0,0.00012966666666666666,8.833333333333333e-05,-4.1333333333333326e-05
expression_engine,31,escalate_on_failure,3,3,3,0.0,7.866666666666666e-05,7.666666666666667e-05,-1.9999999999999944e-06
expression_engine,31,static_router,3,3,3,0.0,8.2e-05,0.00010166666666666667,1.9666666666666666e-05
expression_engine,31,strong_only,3,3,3,0.0,0.00011566666666666667,0.00012466666666666667,9.000000000000002e-06
expression_engine,31,supervised_cost,3,3,3,0.0,0.00011566666666666667,0.0005363333333333333,0.00042066666666666663
expression_engine,47,adaptive,3,3,3,0.0,0.00012466666666666667,0.00013133333333333332,6.666666666666648e-06
expression_engine,47,cheap_only,3,3,3,0.0,8.533333333333334e-05,9.766666666666666e-05,1.2333333333333326e-05
expression_engine,47,escalate_on_failure,3,3,3,0.0,8.1e-05,7.9e-05,-2.000000000000008e-06
expression_engine,47,static_router,3,3,3,0.0,7.833333333333333e-05,7.833333333333333e-05,0.0
expression_engine,47,strong_only,3,3,3,0.0,0.00012,0.00013233333333333334,1.233333333333334e-05
expression_engine,47,supervised_cost,3,3,3,0.0,0.00012666666666666666,0.0009559999999999999,0.0008293333333333333
expression_engine,73,adaptive,3,3,3,0.0,0.00011133333333333333,0.00010466666666666666,-6.666666666666675e-06
expression_engine,73,cheap_only,3,3,3,0.0,7.1e-05,7.2e-05,9.999999999999972e-07
expression_engine,73,escalate_on_failure,3,3,3,0.0,7.333333333333333e-05,7.1e-05,-2.333333333333327e-06
expression_engine,73,static_router,3,3,3,0.0,7.2e-05,7.466666666666666e-05,2.666666666666659e-06
expression_engine,73,strong_only,3,3,3,0.0,0.000105,0.000111,5.999999999999997e-06
expression_engine,73,supervised_cost,3,3,3,0.0,0.0005153333333333334,0.000113,-0.0004023333333333334
expression_engine,101,adaptive,3,3,3,0.0,0.000115,0.000117,1.9999999999999944e-06
expression_engine,101,cheap_only,3,3,3,0.0,7.566666666666666e-05,7.566666666666666e-05,0.0
expression_engine,101,escalate_on_failure,3,3,3,0.0,7.433333333333333e-05,7.666666666666667e-05,2.3333333333333404e-06
expression_engine,101,static_router,3,3,3,0.0,7.5e-05,7.566666666666666e-05,6.666666666666648e-07
expression_engine,101,strong_only,3,3,3,0.0,0.000111,0.00012233333333333334,1.1333333333333342e-05
expression_engine,101,supervised_cost,3,3,3,0.0,0.00011633333333333333,0.00011633333333333333,0.0
graph_dependencies,31,adaptive,3,3,3,0.0,9.866666666666666e-05,8.6e-05,-1.2666666666666658e-05
graph_dependencies,31,cheap_only,3,3,3,0.0,9.266666666666666e-05,8.9e-05,-3.66666666666667e-06
graph_dependencies,31,escalate_on_failure,3,3,3,0.0,9.166666666666667e-05,8.733333333333333e-05,-4.333333333333335e-06
graph_dependencies,31,static_router,3,3,3,0.0,8.666666666666667e-05,9.1e-05,4.333333333333335e-06
graph_dependencies,31,strong_only,3,3,3,0.0,0.00010833333333333333,8.866666666666666e-05,-1.9666666666666666e-05
graph_dependencies,31,supervised_cost,3,3,3,0.0,9.533333333333334e-05,8.633333333333334e-05,-9.000000000000002e-06
graph_dependencies,47,adaptive,3,3,3,0.0,8.766666666666667e-05,0.0005013333333333333,0.0004136666666666667
graph_dependencies,47,cheap_only,3,3,3,0.0,8.733333333333333e-05,8.6e-05,-1.3333333333333296e-06
graph_dependencies,47,escalate_on_failure,3,3,3,0.0,8.6e-05,0.000107,2.0999999999999995e-05
graph_dependencies,47,static_router,3,3,3,0.0,8.666666666666667e-05,8.6e-05,-6.666666666666648e-07
graph_dependencies,47,strong_only,3,3,3,0.0,8.499999999999999e-05,0.0005136666666666667,0.0004286666666666667
graph_dependencies,47,supervised_cost,3,3,3,0.0,8.466666666666666e-05,9.433333333333333e-05,9.666666666666667e-06
graph_dependencies,73,adaptive,3,3,3,0.0,0.0005153333333333334,9.6e-05,-0.00041933333333333335
graph_dependencies,73,cheap_only,3,3,3,0.0,8.766666666666667e-05,8.466666666666667e-05,-2.9999999999999916e-06
graph_dependencies,73,escalate_on_failure,3,3,3,0.0,8.333333333333333e-05,8.9e-05,5.666666666666664e-06
graph_dependencies,73,static_router,3,3,3,0.0,8.900000000000001e-05,8.566666666666667e-05,-3.3333333333333376e-06
graph_dependencies,73,strong_only,3,3,3,0.0,9.6e-05,8.6e-05,-9.999999999999999e-06
graph_dependencies,73,supervised_cost,3,3,3,0.0,9.5e-05,8.666666666666667e-05,-8.333333333333337e-06
graph_dependencies,101,adaptive,3,3,3,0.0,8.566666666666667e-05,0.000101,1.533333333333333e-05
graph_dependencies,101,cheap_only,3,3,3,0.0,8.933333333333333e-05,8.633333333333334e-05,-2.9999999999999916e-06
graph_dependencies,101,escalate_on_failure,3,3,3,0.0,8.533333333333334e-05,8.633333333333334e-05,9.999999999999972e-07
graph_dependencies,101,static_router,3,3,3,0.0,8.433333333333334e-05,8.433333333333334e-05,0.0
graph_dependencies,101,strong_only,3,3,3,0.0,0.0005003333333333333,9.766666666666666e-05,-0.0004026666666666666
graph_dependencies,101,supervised_cost,3,3,3,0.0,9.7e-05,9.466666666666666e-05,-2.3333333333333404e-06
interpolation,31,adaptive,3,1,1,0.0,0.0005406666666666667,0.00013166666666666665,-0.0004090000000000001
interpolation,31,cheap_only,3,2,2,0.0,0.00010333333333333333,0.00048333333333333334,0.00038
interpolation,31,escalate_on_failure,3,2,3,0.3333333333333333,0.00011366666666666667,0.00010766666666666666,-6.00000000000001e-06
interpolation,31,static_router,3,3,2,-0.3333333333333333,0.000108,0.00011266666666666666,4.666666666666667e-06
interpolation,31,strong_only,3,1,3,0.6666666666666666,0.00012066666666666667,0.00011566666666666667,-4.9999999999999996e-06
interpolation,31,supervised_cost,3,1,0,-0.3333333333333333,0.00013366666666666667,0.0005430000000000001,0.0004093333333333334
interpolation,47,adaptive,3,1,0,-0.3333333333333333,0.00011833333333333334,0.00014466666666666667,2.6333333333333327e-05
interpolation,47,cheap_only,3,3,3,0.0,0.000105,0.00010466666666666667,-3.333333333333324e-07
interpolation,47,escalate_on_failure,3,3,3,0.0,0.00010866666666666666,0.00010966666666666667,1.0000000000000108e-06
interpolation,47,static_router,3,3,3,0.0,9.900000000000001e-05,0.000115,1.5999999999999996e-05
interpolation,47,strong_only,3,2,0,-0.6666666666666666,0.00011066666666666667,0.00014266666666666665,3.199999999999998e-05
interpolation,47,supervised_cost,3,1,0,-0.3333333333333333,0.00012233333333333334,0.00011933333333333332,-3.0000000000000187e-06
interpolation,73,adaptive,3,3,1,-0.6666666666666666,0.00010733333333333333,0.00011633333333333333,9.000000000000002e-06
interpolation,73,cheap_only,3,2,3,0.3333333333333333,9.3e-05,0.00012233333333333334,2.9333333333333346e-05
interpolation,73,escalate_on_failure,3,2,2,0.0,9.066666666666667e-05,0.00011066666666666667,1.9999999999999998e-05
interpolation,73,static_router,3,2,3,0.3333333333333333,0.000113,0.00011933333333333334,6.333333333333343e-06
interpolation,73,strong_only,3,2,1,-0.3333333333333333,0.00013533333333333333,0.00012,-1.533333333333333e-05
interpolation,73,supervised_cost,3,1,0,-0.3333333333333333,0.00013099999999999999,0.00017533333333333333,4.4333333333333345e-05
interpolation,101,adaptive,3,0,3,1.0,0.00014966666666666665,0.0005073333333333334,0.0003576666666666667
interpolation,101,cheap_only,3,2,2,0.0,0.00010733333333333333,0.00011,2.6666666666666728e-06
interpolation,101,escalate_on_failure,3,2,2,0.0,0.00010866666666666666,0.00011800000000000001,9.333333333333348e-06
interpolation,101,static_router,3,2,2,0.0,0.000108,0.00011233333333333333,4.333333333333335e-06
interpolation,101,strong_only,3,1,1,0.0,0.000129,0.00012933333333333335,3.333333333333595e-07
interpolation,101,supervised_cost,3,1,1,0.0,0.000128,0.00014333333333333334,1.5333333333333345e-05
tabular_join,31,adaptive,3,1,3,0.6666666666666666,0.0017563333333333333,0.000137,-0.0016193333333333333
tabular_join,31,cheap_only,3,3,3,0.0,0.000105,0.00010466666666666667,-3.333333333333324e-07
tabular_join,31,escalate_on_failure,3,3,3,0.0,0.00010433333333333333,0.00010933333333333334,5.000000000000013e-06
tabular_join,31,static_router,3,3,3,0.0,0.00010233333333333333,0.00011533333333333334,1.3000000000000004e-05
tabular_join,31,strong_only,3,3,3,0.0,0.0005376666666666667,0.000136,-0.00040166666666666665
tabular_join,31,supervised_cost,3,3,2,-0.3333333333333333,0.00014533333333333333,0.0005216666666666666,0.00037633333333333323
tabular_join,47,adaptive,3,3,3,0.0,0.0005473333333333333,0.000138,-0.00040933333333333327
tabular_join,47,cheap_only,3,3,3,0.0,0.00010433333333333333,9.666666666666667e-05,-7.666666666666659e-06
tabular_join,47,escalate_on_failure,3,3,3,0.0,0.00010766666666666668,0.00010966666666666667,1.9999999999999944e-06
tabular_join,47,static_router,3,3,3,0.0,9.533333333333334e-05,0.000107,1.1666666666666661e-05
tabular_join,47,strong_only,3,3,3,0.0,0.0005423333333333334,0.00013433333333333334,-0.00040800000000000005
tabular_join,47,supervised_cost,3,3,3,0.0,0.000132,0.000151,1.9e-05
tabular_join,73,adaptive,3,3,3,0.0,0.00013666666666666666,0.00013766666666666666,9.999999999999972e-07
tabular_join,73,cheap_only,3,3,3,0.0,0.00010133333333333333,0.00010566666666666667,4.333333333333335e-06
tabular_join,73,escalate_on_failure,3,3,3,0.0,0.000102,0.00010333333333333333,1.3333333333333296e-06
tabular_join,73,static_router,3,3,3,0.0,0.00010033333333333334,0.00010033333333333334,0.0
tabular_join,73,strong_only,3,3,3,0.0,0.00013033333333333332,0.00013033333333333335,2.710505431213761e-20
tabular_join,73,supervised_cost,3,3,3,0.0,0.00017099999999999998,0.000143,-2.7999999999999976e-05
tabular_join,101,adaptive,3,3,3,0.0,0.00013533333333333333,0.00016066666666666668,2.5333333333333344e-05
tabular_join,101,cheap_only,3,3,3,0.0,0.00010400000000000001,9.666666666666667e-05,-7.33333333333334e-06
tabular_join,101,escalate_on_failure,3,3,3,0.0,9.966666666666666e-05,9.766666666666666e-05,-1.9999999999999944e-06
tabular_join,101,static_router,3,3,3,0.0,0.000103,0.00010166666666666667,-1.3333333333333296e-06
tabular_join,101,strong_only,3,3,3,0.0,0.0005716666666666667,0.00012033333333333334,-0.00045133333333333337
tabular_join,101,supervised_cost,3,3,3,0.0,0.00013833333333333333,0.000148,9.666666666666667e-06
